{
  "delta": 0.9999940991401672,
  "theta": 0.9999951720237732,
  "alpha": 0.99998939037323,
  "beta": 0.9999485015869141
}