{
  "fs": 200,
  "n_real": 36202,
  "n_fake": 3000,
  "band_power_real": {
    "delta": 0.0711808055639267,
    "theta": 0.011824976652860641,
    "alpha": 0.007572908885776997,
    "beta": 0.00291208503767848
  },
  "band_power_fake": {
    "delta": 1.2966726359309177e-08,
    "theta": 9.310639370596618e-09,
    "alpha": 2.074922456074546e-08,
    "beta": 4.0673238999033856e-08
  },
  "band_rel_err": {
    "delta": 0.9999996773466815,
    "theta": 0.9999983669631148,
    "alpha": 0.9999959395808902,
    "beta": 0.9999825990435259
  }
}